<?xml version="1.0" encoding="UTF-8"?>
<ModelName>V500</ModelName>

<!--- ====================================================================== -->
<!--- =========================11b TxGain ===================================-->
<!--- ====================================================================== -->
<b-TargetPower>13</b-TargetPower>
<b-ChannelPowerOffsets>
	<b-ChannelPowerOffset freq="2412">0</b-ChannelPowerOffset>
	<b-ChannelPowerOffset freq="2417">0</b-ChannelPowerOffset>
	<b-ChannelPowerOffset freq="2422">0</b-ChannelPowerOffset>
	<b-ChannelPowerOffset freq="2427">0</b-ChannelPowerOffset>
	<b-ChannelPowerOffset freq="2432">0</b-ChannelPowerOffset>
	<b-ChannelPowerOffset freq="2437">0</b-ChannelPowerOffset>
	<b-ChannelPowerOffset freq="2442">0</b-ChannelPowerOffset>
	<b-ChannelPowerOffset freq="2447">0</b-ChannelPowerOffset>
	<b-ChannelPowerOffset freq="2452">0</b-ChannelPowerOffset>
	<b-ChannelPowerOffset freq="2457">0</b-ChannelPowerOffset>
	<b-ChannelPowerOffset freq="2462">0</b-ChannelPowerOffset>
	<b-ChannelPowerOffset freq="2467">0</b-ChannelPowerOffset>
	<b-ChannelPowerOffset freq="2472">0</b-ChannelPowerOffset>
	<b-ChannelPowerOffset freq="2484">0</b-ChannelPowerOffset>
</b-ChannelPowerOffsets>
<b-ratePowerOffsets>
	<b-ratePowerOffset rate="1">0</b-ratePowerOffset>
	<b-ratePowerOffset rate="2">0</b-ratePowerOffset>
	<b-ratePowerOffset rate="5.5">0</b-ratePowerOffset>
	<b-ratePowerOffset rate="11">0</b-ratePowerOffset>
</b-ratePowerOffsets>
<SPLIT></SPLIT>

<!--- ====================================================================== -->
<!--- =========================11g TxGain ===================================-->
<!--- ====================================================================== -->
<g-TargetPower>11</g-TargetPower>
<g-ChannelPowerOffsets>
	<g-ChannelPowerOffset freq="2412">0</g-ChannelPowerOffset>
	<g-ChannelPowerOffset freq="2417">0</g-ChannelPowerOffset>
	<g-ChannelPowerOffset freq="2422">0</g-ChannelPowerOffset>
	<g-ChannelPowerOffset freq="2427">0</g-ChannelPowerOffset>
	<g-ChannelPowerOffset freq="2432">0</g-ChannelPowerOffset>
	<g-ChannelPowerOffset freq="2437">0</g-ChannelPowerOffset>
	<g-ChannelPowerOffset freq="2442">0</g-ChannelPowerOffset>
	<g-ChannelPowerOffset freq="2447">0</g-ChannelPowerOffset>
	<g-ChannelPowerOffset freq="2452">0</g-ChannelPowerOffset>
	<g-ChannelPowerOffset freq="2457">0</g-ChannelPowerOffset>
	<g-ChannelPowerOffset freq="2462">0</g-ChannelPowerOffset>
	<g-ChannelPowerOffset freq="2467">0</g-ChannelPowerOffset>
	<g-ChannelPowerOffset freq="2472">0</g-ChannelPowerOffset>
	<g-ChannelPowerOffset freq="2484">0</g-ChannelPowerOffset>
</g-ChannelPowerOffsets>
<g-ratePowerOffsets>
	<g-ratePowerOffset rate="6">0</g-ratePowerOffset>
	<g-ratePowerOffset rate="9">0</g-ratePowerOffset>
	<g-ratePowerOffset rate="12">0</g-ratePowerOffset>
	<g-ratePowerOffset rate="18">0</g-ratePowerOffset>
	<g-ratePowerOffset rate="24">0</g-ratePowerOffset>
	<g-ratePowerOffset rate="36">0</g-ratePowerOffset>
	<g-ratePowerOffset rate="48">0</g-ratePowerOffset>
	<g-ratePowerOffset rate="54">0</g-ratePowerOffset>
</g-ratePowerOffsets>
<SPLIT></SPLIT>

<!--- ====================================================================== -->
<!--- =========================11n TxGain ===================================-->
<!--- ====================================================================== -->
<n-TargetPower>10</n-TargetPower>
<n-ChannelPowerOffsets>
	<n-ChannelPowerOffset freq="2412">0</n-ChannelPowerOffset>
	<n-ChannelPowerOffset freq="2417">0</n-ChannelPowerOffset>
	<n-ChannelPowerOffset freq="2422">0</n-ChannelPowerOffset>
	<n-ChannelPowerOffset freq="2427">0</n-ChannelPowerOffset>
	<n-ChannelPowerOffset freq="2432">0</n-ChannelPowerOffset>
	<n-ChannelPowerOffset freq="2437">0</n-ChannelPowerOffset>
	<n-ChannelPowerOffset freq="2442">0</n-ChannelPowerOffset>
	<n-ChannelPowerOffset freq="2447">0</n-ChannelPowerOffset>
	<n-ChannelPowerOffset freq="2452">0</n-ChannelPowerOffset>
	<n-ChannelPowerOffset freq="2457">0</n-ChannelPowerOffset>
	<n-ChannelPowerOffset freq="2462">0</n-ChannelPowerOffset>
	<n-ChannelPowerOffset freq="2467">0</n-ChannelPowerOffset>
	<n-ChannelPowerOffset freq="2472">0</n-ChannelPowerOffset>
	<n-ChannelPowerOffset freq="2484">0</n-ChannelPowerOffset>
<n-ChannelPowerOffsets>
<n-ratePowerOffsets>
	<n-ratePowerOffset rate="0">0</n-ratePowerOffset>
	<n-ratePowerOffset rate="1">0</n-ratePowerOffset>
	<n-ratePowerOffset rate="2">0</n-ratePowerOffset>
	<n-ratePowerOffset rate="3">0</n-ratePowerOffset>
	<n-ratePowerOffset rate="4">0</n-ratePowerOffset>
	<n-ratePowerOffset rate="5">0</n-ratePowerOffset>
	<n-ratePowerOffset rate="6">0</n-ratePowerOffset>
	<n-ratePowerOffset rate="7">0</n-ratePowerOffset>
</n-ratePowerOffsets>
<SPLIT></SPLIT>

<!--- ====================================================================== -->
<!--- =========================11a TxGain ===================================-->
<!--- ====================================================================== -->
<a-TargetPower>12</a-TargetPower>	
<a-ChannelPowerOffsets>
	<a-ChannelPowerOffsets freq="4920">0</a-ChannelPowerOffsets>
	<a-ChannelPowerOffset freq="4940">0</a-ChannelPowerOffset>
	<a-ChannelPowerOffset freq="4960">0</a-ChannelPowerOffset>
	<a-ChannelPowerOffset freq="4980">0</a-ChannelPowerOffset>
	<a-ChannelPowerOffset freq="5040">0</a-ChannelPowerOffset>
	<a-ChannelPowerOffset freq="5060">0</a-ChannelPowerOffset>
	<a-ChannelPowerOffset freq="5080">0</a-ChannelPowerOffset>
	<a-ChannelPowerOffset freq="5180">0</a-ChannelPowerOffset>
	<a-ChannelPowerOffset freq="5200">0</a-ChannelPowerOffset>
	<a-ChannelPowerOffset freq="5220">0</a-ChannelPowerOffset>
	<a-ChannelPowerOffset freq="5240">0</a-ChannelPowerOffset>
	<a-ChannelPowerOffset freq="5260">0</a-ChannelPowerOffset>
	<a-ChannelPowerOffset freq="5280">0</a-ChannelPowerOffset>
	<a-ChannelPowerOffset freq="5300">0</a-ChannelPowerOffset>
	<a-ChannelPowerOffset freq="5320">0</a-ChannelPowerOffset>
	<a-ChannelPowerOffset freq="5500">0</a-ChannelPowerOffset>
	<a-ChannelPowerOffset freq="5520">0</a-ChannelPowerOffset>
	<a-ChannelPowerOffset freq="5540">0</a-ChannelPowerOffset>
	<a-ChannelPowerOffset freq="5560">0</a-ChannelPowerOffset>
	<a-ChannelPowerOffset freq="5580">0</a-ChannelPowerOffset>
	<a-ChannelPowerOffset freq="5600">0</a-ChannelPowerOffset>
	<a-ChannelPowerOffset freq="5620">0</a-ChannelPowerOffset>
	<a-ChannelPowerOffset freq="5640">0</a-ChannelPowerOffset>
	<a-ChannelPowerOffset freq="5660">0</a-ChannelPowerOffset>
	<a-ChannelPowerOffset freq="5680">0</a-ChannelPowerOffset>
	<a-ChannelPowerOffset freq="5700">0</a-ChannelPowerOffset>
    <a-ChannelPowerOffset freq="5720">0</a-ChannelPowerOffset>
	<a-ChannelPowerOffset freq="5745">0</a-ChannelPowerOffset>
	<a-ChannelPowerOffset freq="5765">0</a-ChannelPowerOffset>
	<a-ChannelPowerOffset freq="5785">0</a-ChannelPowerOffset>
	<a-ChannelPowerOffset freq="5805">0</a-ChannelPowerOffset>
	<a-ChannelPowerOffset freq="5825">0</a-ChannelPowerOffset>
</a-ChannelPowerOffsets>
<a-ratePowerOffsets>
	<a-ratePowerOffset rate="6">0</a-ratePowerOffset>
	<a-ratePowerOffset rate="9">0</a-ratePowerOffset>
	<a-ratePowerOffset rate="12">0</a-ratePowerOffset>
	<a-ratePowerOffset rate="18">0</a-ratePowerOffset>
	<a-ratePowerOffset rate="24">0</a-ratePowerOffset>
	<a-ratePowerOffset rate="36">0</a-ratePowerOffset>
	<a-ratePowerOffset rate="48">0</a-ratePowerOffset>
	<a-ratePowerOffset rate="54">0</a-ratePowerOffset>
</a-ratePowerOffsets>
<SPLIT></SPLIT>

<!--- ====================================================================== -->
<!--- =========================11n 5G TxGain ===================================-->
<!--- ====================================================================== -->								
<n5-TargetPower>11</n5-TargetPower>
<n5-ChannelPowerOffsets>
	<n5-ChannelPowerOffset freq="4920">0</n5-ChannelPowerOffset>
	<n5-ChannelPowerOffset freq="4940">0</n5-ChannelPowerOffset>
	<n5-ChannelPowerOffset freq="4960">0</n5-ChannelPowerOffset>
	<n5-ChannelPowerOffset freq="4980">0</n5-ChannelPowerOffset>
	<n5-ChannelPowerOffset freq="5040">0</n5-ChannelPowerOffset>
	<n5-ChannelPowerOffset freq="5060">0</n5-ChannelPowerOffset>
	<n5-ChannelPowerOffset freq="5080">0</n5-ChannelPowerOffset>
	<n5-ChannelPowerOffset freq="5180">0</n5-ChannelPowerOffset>
	<n5-ChannelPowerOffset freq="5200">0</n5-ChannelPowerOffset>
	<n5-ChannelPowerOffset freq="5220">0</n5-ChannelPowerOffset>
	<n5-ChannelPowerOffset freq="5240">0</n5-ChannelPowerOffset>
	<n5-ChannelPowerOffset freq="5260">0</n5-ChannelPowerOffset>
	<n5-ChannelPowerOffset freq="5280">0</n5-ChannelPowerOffset>
	<n5-ChannelPowerOffset freq="5300">0</n5-ChannelPowerOffset>
	<n5-ChannelPowerOffset freq="5320">0</n5-ChannelPowerOffset>
	<n5-ChannelPowerOffset freq="5500">0</n5-ChannelPowerOffset>
	<n5-ChannelPowerOffset freq="5520">0</n5-ChannelPowerOffset>
	<n5-ChannelPowerOffset freq="5540">0</n5-ChannelPowerOffset>
	<n5-ChannelPowerOffset freq="5560">0</n5-ChannelPowerOffset>
	<n5-ChannelPowerOffset freq="5580">0</n5-ChannelPowerOffset>
	<n5-ChannelPowerOffset freq="5600">0</n5-ChannelPowerOffset>
	<n5-ChannelPowerOffset freq="5620">0</n5-ChannelPowerOffset>
	<n5-ChannelPowerOffset freq="5640">0</n5-ChannelPowerOffset>
	<n5-ChannelPowerOffset freq="5660">0</n5-ChannelPowerOffset>
	<n5-ChannelPowerOffset freq="5680">0</n5-ChannelPowerOffset>
	<n5-ChannelPowerOffset freq="5700">0</n5-ChannelPowerOffset>
    <n5-ChannelPowerOffset freq="5720">0</n5-ChannelPowerOffset>
	<n5-ChannelPowerOffset freq="5745">0</n5-ChannelPowerOffset>
	<n5-ChannelPowerOffset freq="5765">0</n5-ChannelPowerOffset>
	<n5-ChannelPowerOffset freq="5785">0</n5-ChannelPowerOffset>
	<n5-ChannelPowerOffset freq="5805">0</n5-ChannelPowerOffset>
	<n5-ChannelPowerOffset freq="5825">0</n5-ChannelPowerOffset>
</n5-ChannelPowerOffsets>
<n5-ratePowerOffsets>
	<n5-ratePowerOffset rate="0">0</n5-ratePowerOffset>
	<n5-ratePowerOffset rate="1">0</n5-ratePowerOffset>
	<n5-ratePowerOffset rate="2">0</n5-ratePowerOffset>
	<n5-ratePowerOffset rate="3">0</n5-ratePowerOffset>
	<n5-ratePowerOffset rate="4">0</n5-ratePowerOffset>
	<n5-ratePowerOffset rate="5">0</n5-ratePowerOffset>
	<n5-ratePowerOffset rate="6">0</n5-ratePowerOffset>
	<n5-ratePowerOffset rate="7">0</n5-ratePowerOffset>
</n5-ratePowerOffsets>
<SPLIT></SPLIT>

<!--- ====================================================================== -->
<!--- =========================11n 5G HT40 TxGain ===================================-->
<!--- ====================================================================== -->								
<ht40-TargetPower>10</ht40-TargetPower>
<ht40-ChannelPowerOffsets>
	<ht40-ChannelPowerOffset band="38">0</ht40-ChannelPowerOffset>
	<ht40-ChannelPowerOffset band="46">0</ht40-ChannelPowerOffset>
	<ht40-ChannelPowerOffset band="54">0</ht40-ChannelPowerOffset>
	<ht40-ChannelPowerOffset band="62">0</ht40-ChannelPowerOffset>
	<ht40-ChannelPowerOffset band="102">0</ht40-ChannelPowerOffset>
	<ht40-ChannelPowerOffset band="110">0</ht40-ChannelPowerOffset>
	<ht40-ChannelPowerOffset band="134">0</ht40-ChannelPowerOffset>
    <ht40-ChannelPowerOffset band="142">0</ht40-ChannelPowerOffset>
	<ht40-ChannelPowerOffset band="151">0</ht40-ChannelPowerOffset>
	<ht40-ChannelPowerOffset band="159">0</ht40-ChannelPowerOffset>
</ht40-ChannelPowerOffsets>
<ht40-ratePowerOffsets>
	<ht40-ratePowerOffset rate="0">0</ht40-ratePowerOffset>
	<ht40-ratePowerOffset rate="1">0</ht40-ratePowerOffset>
	<ht40-ratePowerOffset rate="2">0</ht40-ratePowerOffset>
	<ht40-ratePowerOffset rate="3">0</ht40-ratePowerOffset>
	<ht40-ratePowerOffset rate="4">0</ht40-ratePowerOffset>
	<ht40-ratePowerOffset rate="5">0</ht40-ratePowerOffset>
	<ht40-ratePowerOffset rate="6">0</ht40-ratePowerOffset>
	<ht40-ratePowerOffset rate="7">0</ht40-ratePowerOffset>
</ht40-ratePowerOffsets>
<SPLIT></SPLIT>

<!--- ========================20130208, kakpple, ac 2.4 added======================= -->
<!--- ====================================================================== -->
<!--- =========================11ac 2G TxGain ===================================-->
<!--- ====================================================================== -->
<ac2-TargetPower>11</ac2-TargetPower>
<ac2-ChannelPowerOffsets>
    <ac2-ChannelPowerOffset freq="2412">0</ac2-ChannelPowerOffset>
    <ac2-ChannelPowerOffset freq="2417">0</ac2-ChannelPowerOffset>
    <ac2-ChannelPowerOffset freq="2422">0</ac2-ChannelPowerOffset>
    <ac2-ChannelPowerOffset freq="2427">0</ac2-ChannelPowerOffset>
    <ac2-ChannelPowerOffset freq="2432">0</ac2-ChannelPowerOffset>
    <ac2-ChannelPowerOffset freq="2437">0</ac2-ChannelPowerOffset>
    <ac2-ChannelPowerOffset freq="2442">0</ac2-ChannelPowerOffset>
    <ac2-ChannelPowerOffset freq="2447">0</ac2-ChannelPowerOffset>
    <ac2-ChannelPowerOffset freq="2452">0</ac2-ChannelPowerOffset>
    <ac2-ChannelPowerOffset freq="2457">0</ac2-ChannelPowerOffset>
    <ac2-ChannelPowerOffset freq="2462">0</ac2-ChannelPowerOffset>
    <ac2-ChannelPowerOffset freq="2467">0</ac2-ChannelPowerOffset>
    <ac2-ChannelPowerOffset freq="2472">0</ac2-ChannelPowerOffset>
    <ac2-ChannelPowerOffset freq="2484">0</ac2-ChannelPowerOffset>
</ac2-ChannelPowerOffsets>
<ac2-ratePowerOffsets>
    <ac2-ratePowerOffset rate="0">0</ac2-ratePowerOffset>
    <ac2-ratePowerOffset rate="1">0</ac2-ratePowerOffset>
    <ac2-ratePowerOffset rate="2">0</ac2-ratePowerOffset>
    <ac2-ratePowerOffset rate="3">0</ac2-ratePowerOffset>
    <ac2-ratePowerOffset rate="4">0</ac2-ratePowerOffset>
    <ac2-ratePowerOffset rate="5">0</ac2-ratePowerOffset>
    <ac2-ratePowerOffset rate="6">0</ac2-ratePowerOffset>
    <ac2-ratePowerOffset rate="7">0</ac2-ratePowerOffset>
    <ac2-ratePowerOffset rate="8">0</ac2-ratePowerOffset>
</ac2-ratePowerOffsets>
<SPLIT></SPLIT>

<!--- ========================20130208, kakpple, ac added======================= -->
<!--- ====================================================================== -->
<!--- =========================11ac 5G TxGain ===================================-->
<!--- ====================================================================== -->
<ac5-TargetPower>11</ac5-TargetPower>
<ac5-ChannelPowerOffsets>
    <ac5-ChannelPowerOffset freq="4920">0</ac5-ChannelPowerOffset>
    <ac5-ChannelPowerOffset freq="4940">0</ac5-ChannelPowerOffset>
    <ac5-ChannelPowerOffset freq="4960">0</ac5-ChannelPowerOffset>
    <ac5-ChannelPowerOffset freq="4980">0</ac5-ChannelPowerOffset>
    <ac5-ChannelPowerOffset freq="5040">0</ac5-ChannelPowerOffset>
    <ac5-ChannelPowerOffset freq="5060">0</ac5-ChannelPowerOffset>
    <ac5-ChannelPowerOffset freq="5080">0</ac5-ChannelPowerOffset>
    <ac5-ChannelPowerOffset freq="5180">0</ac5-ChannelPowerOffset>
    <ac5-ChannelPowerOffset freq="5200">0</ac5-ChannelPowerOffset>
    <ac5-ChannelPowerOffset freq="5220">0</ac5-ChannelPowerOffset>
    <ac5-ChannelPowerOffset freq="5240">0</ac5-ChannelPowerOffset>
    <ac5-ChannelPowerOffset freq="5260">0</ac5-ChannelPowerOffset>
    <ac5-ChannelPowerOffset freq="5280">0</ac5-ChannelPowerOffset>
    <ac5-ChannelPowerOffset freq="5300">0</ac5-ChannelPowerOffset>
    <ac5-ChannelPowerOffset freq="5320">0</ac5-ChannelPowerOffset>
    <ac5-ChannelPowerOffset freq="5500">0</ac5-ChannelPowerOffset>
    <ac5-ChannelPowerOffset freq="5520">0</ac5-ChannelPowerOffset>
    <ac5-ChannelPowerOffset freq="5540">0</ac5-ChannelPowerOffset>
    <ac5-ChannelPowerOffset freq="5560">0</ac5-ChannelPowerOffset>
    <ac5-ChannelPowerOffset freq="5580">0</ac5-ChannelPowerOffset>
    <ac5-ChannelPowerOffset freq="5600">0</ac5-ChannelPowerOffset>
    <ac5-ChannelPowerOffset freq="5620">0</ac5-ChannelPowerOffset>
    <ac5-ChannelPowerOffset freq="5640">0</ac5-ChannelPowerOffset>
    <ac5-ChannelPowerOffset freq="5660">0</ac5-ChannelPowerOffset>
    <ac5-ChannelPowerOffset freq="5680">0</ac5-ChannelPowerOffset>
    <ac5-ChannelPowerOffset freq="5700">0</ac5-ChannelPowerOffset>
    <ac5-ChannelPowerOffset freq="5745">0</ac5-ChannelPowerOffset>
    <ac5-ChannelPowerOffset freq="5765">0</ac5-ChannelPowerOffset>
    <ac5-ChannelPowerOffset freq="5785">0</ac5-ChannelPowerOffset>
    <ac5-ChannelPowerOffset freq="5805">0</ac5-ChannelPowerOffset>
    <ac5-ChannelPowerOffset freq="5825">0</ac5-ChannelPowerOffset>
</ac5-ChannelPowerOffsets>
<ac5-ratePowerOffsets>
    <ac5-ratePowerOffset rate="0">0</ac5-ratePowerOffset>
    <ac5-ratePowerOffset rate="1">0</ac5-ratePowerOffset>
    <ac5-ratePowerOffset rate="2">0</ac5-ratePowerOffset>
    <ac5-ratePowerOffset rate="3">0</ac5-ratePowerOffset>
    <ac5-ratePowerOffset rate="4">0</ac5-ratePowerOffset>
    <ac5-ratePowerOffset rate="5">0</ac5-ratePowerOffset>
    <ac5-ratePowerOffset rate="6">0</ac5-ratePowerOffset>
    <ac5-ratePowerOffset rate="7">0</ac5-ratePowerOffset>
    <ac5-ratePowerOffset rate="8">0</ac5-ratePowerOffset>
    <ac5-ratePowerOffset rate="9">0</ac5-ratePowerOffset>
</ac5-ratePowerOffsets>
<SPLIT></SPLIT>

<!--- ====================================================================== -->
<!--- =========================11ac 5G HT40 TxGain ===================================-->
<!--- ====================================================================== -->
<ac5_ht40-TargetPower>11</ac5_ht40-TargetPower>
<ac5_ht40-ChannelPowerOffsets>
    <ac5_ht40-ChannelPowerOffset band="38">0</ac5_ht40-ChannelPowerOffset>
    <ac5_ht40-ChannelPowerOffset band="46">0</ac5_ht40-ChannelPowerOffset>
    <ac5_ht40-ChannelPowerOffset band="54">0</ac5_ht40-ChannelPowerOffset>
    <ac5_ht40-ChannelPowerOffset band="62">0</ac5_ht40-ChannelPowerOffset>
    <ac5_ht40-ChannelPowerOffset band="102">0</ac5_ht40-ChannelPowerOffset>
    <ac5_ht40-ChannelPowerOffset band="110">0</ac5_ht40-ChannelPowerOffset>
    <ac5_ht40-ChannelPowerOffset band="134">0</ac5_ht40-ChannelPowerOffset>
    <ac5_ht40-ChannelPowerOffset band="142">0</ac5_ht40-ChannelPowerOffset>
    <ac5_ht40-ChannelPowerOffset band="151">0</ac5_ht40-ChannelPowerOffset>
    <ac5_ht40-ChannelPowerOffset band="159">0</ac5_ht40-ChannelPowerOffset>
</ac5_ht40-ChannelPowerOffsets>
<ac5_ht40-ratePowerOffsets>
    <ac5_ht40-ratePowerOffset rate="0">0</ac5_ht40-ratePowerOffset>
    <ac5_ht40-ratePowerOffset rate="1">0</ac5_ht40-ratePowerOffset>
    <ac5_ht40-ratePowerOffset rate="2">0</ac5_ht40-ratePowerOffset>
    <ac5_ht40-ratePowerOffset rate="3">0</ac5_ht40-ratePowerOffset>
    <ac5_ht40-ratePowerOffset rate="4">0</ac5_ht40-ratePowerOffset>
    <ac5_ht40-ratePowerOffset rate="5">0</ac5_ht40-ratePowerOffset>
    <ac5_ht40-ratePowerOffset rate="6">0</ac5_ht40-ratePowerOffset>
    <ac5_ht40-ratePowerOffset rate="7">0</ac5_ht40-ratePowerOffset>
    <ac5_ht40-ratePowerOffset rate="8">0</ac5_ht40-ratePowerOffset>
    <ac5_ht40-ratePowerOffset rate="9">0</ac5_ht40-ratePowerOffset>
</ac5_ht40-ratePowerOffsets>
<SPLIT></SPLIT>

<!--- ====================================================================== -->
<!--- =========================11ac 5G HT80 TxGain ===================================-->
<!--- ====================================================================== -->
<ac5_ht80-TargetPower>11</ac5_ht80-TargetPower>
<ac5_ht80-ChannelPowerOffsets>
    <ac5_ht80-ChannelPowerOffset band="42">0</ac5_ht80-ChannelPowerOffset>
    <ac5_ht80-ChannelPowerOffset band="58">0</ac5_ht80-ChannelPowerOffset>
    <ac5_ht80-ChannelPowerOffset band="106">0</ac5_ht80-ChannelPowerOffset>
    <ac5_ht80-ChannelPowerOffset band="138">0</ac5_ht80-ChannelPowerOffset>
    <ac5_ht80-ChannelPowerOffset band="155">0</ac5_ht80-ChannelPowerOffset>
</ac5_ht80-ChannelPowerOffsets>
<ac5_ht80-ratePowerOffsets>
    <ac5_ht80-ratePowerOffset rate="0">0</ac5_ht80-ratePowerOffset>
    <ac5_ht80-ratePowerOffset rate="1">0</ac5_ht80-ratePowerOffset>
    <ac5_ht80-ratePowerOffset rate="2">0</ac5_ht80-ratePowerOffset>
    <ac5_ht80-ratePowerOffset rate="3">0</ac5_ht80-ratePowerOffset>
    <ac5_ht80-ratePowerOffset rate="4">0</ac5_ht80-ratePowerOffset>
    <ac5_ht80-ratePowerOffset rate="5">0</ac5_ht80-ratePowerOffset>
    <ac5_ht80-ratePowerOffset rate="6">0</ac5_ht80-ratePowerOffset>
    <ac5_ht80-ratePowerOffset rate="7">0</ac5_ht80-ratePowerOffset>
    <ac5_ht80-ratePowerOffset rate="8">0</ac5_ht80-ratePowerOffset>
    <ac5_ht80-ratePowerOffset rate="9">0</ac5_ht80-ratePowerOffset>
</ac5_ht80-ratePowerOffsets>

<END_TAG></END_TAG>
